{
    "name": "monster-maker-importer",
    "title": "Monster Maker Importer",
    "description": "A module to automatically import creations from Giffyglyph's Monster Maker",
    "author": "charlieisold",
    "version": "0.0.2",
    "minimumCoreVersion": "0.5.0",
    "system": "dnd5e",
    "scripts": [
        "scripts/hello.js"
    ],
    "url": "https://github.com/charlieisold/monster-maker-importer",
    "manifest": "https://raw.githubusercontent.com/charlieisold/monster-maker-importer/master/module.json"
}